time,x,y,z,vel_x,vel_y,vel_z,bearing,bearing_vel,elevation,track_id,uav_category
1970-01-01,50.0,50.0,260.52049582067855,0.192537623332214,-7.692152099791201,-0.7235511382889968,6.039237121450337,-0.0005996288800638,0.0929611335856395,0,LSS
